year_month,monthly_revenue,summary_type,product_id,product_name,total_revenue,total_quantity,orders,category,region,sales_channel,average_order_value,metric,value
2024-01,366141.59,monthly_revenue,,,,,,,,,,,
2024-02,303376.58,monthly_revenue,,,,,,,,,,,
2024-03,354482.39,monthly_revenue,,,,,,,,,,,
2024-04,377889.89,monthly_revenue,,,,,,,,,,,
2024-05,375285.89,monthly_revenue,,,,,,,,,,,
2024-06,372537.39,monthly_revenue,,,,,,,,,,,
2024-07,419821.99,monthly_revenue,,,,,,,,,,,
2024-08,418539.32,monthly_revenue,,,,,,,,,,,
2024-09,402388.17,monthly_revenue,,,,,,,,,,,
2024-10,551005.89,monthly_revenue,,,,,,,,,,,
2024-11,699231.29,monthly_revenue,,,,,,,,,,,
2024-12,758055.24,monthly_revenue,,,,,,,,,,,
2025-01,314811.97,monthly_revenue,,,,,,,,,,,
2025-02,292163.99,monthly_revenue,,,,,,,,,,,
2025-03,355284.5,monthly_revenue,,,,,,,,,,,
2025-04,371997.72,monthly_revenue,,,,,,,,,,,
2025-05,364774.47,monthly_revenue,,,,,,,,,,,
2025-06,375165.22,monthly_revenue,,,,,,,,,,,
2025-07,437470.15,monthly_revenue,,,,,,,,,,,
2025-08,422746.91,monthly_revenue,,,,,,,,,,,
2025-09,417763.4,monthly_revenue,,,,,,,,,,,
2025-10,594576.38,monthly_revenue,,,,,,,,,,,
2025-11,697818.06,monthly_revenue,,,,,,,,,,,
2025-12,813981.91,monthly_revenue,,,,,,,,,,,
,,top_products,P003,Gaming Laptop,2167559.24,1456.0,1039.0,,,,,,
,,top_products,P001,4K Smart TV,2159328.69,2414.0,1663.0,,,,,,
,,top_products,P005,Smartwatch,683933.64,2775.0,1960.0,,,,,,
,,top_products,P016,Treadmill,665096.89,844.0,527.0,,,,,,
,,top_products,P013,Robot Vacuum,564472.67,1645.0,933.0,,,,,,
,,top_products,P007,Running Shoes,559585.38,5206.0,2271.0,,,,,,
,,top_products,P006,Winter Jacket,525734.85,3839.0,1650.0,,,,,,
,,top_products,P002,Wireless Earbuds,447640.49,3495.0,2439.0,,,,,,
,,top_products,P004,Bluetooth Speaker,389661.4,2190.0,1527.0,,,,,,
,,top_products,P011,Air Fryer,376125.52,2409.0,1369.0,,,,,,
,,category_revenue,,,5848123.46,,8628.0,Electronics,,,,,
,,category_revenue,,,1787778.52,,10505.0,Clothing,,,,,
,,category_revenue,,,1686658.13,,6320.0,Home,,,,,
,,category_revenue,,,1534750.2,,4547.0,Sports,,,,,
,,region_revenue,,,3407478.0,,9175.0,,North,,,,
,,region_revenue,,,2619523.35,,7256.0,,South,,,,
,,region_revenue,,,2512317.67,,7154.0,,West,,,,
,,region_revenue,,,2317991.29,,6415.0,,East,,,,
,,channel_comparison,,,6094403.84,,16946.0,,,Online,359.63671898973206,,
,,channel_comparison,,,4762906.47,,13054.0,,,Store,364.8618408150758,,
,,kpi,,,,,,,,,,Total Revenue,10857310.31
,,kpi,,,,,,,,,,Orders,30000.0
,,kpi,,,,,,,,,,Average Order Value,361.9103436666667
,,kpi,,,,,,,,,,Unique Customers,5955.0
,,kpi,,,,,,,,,,Units Sold,55112.0
